# This file contains Irrigation restriction CDF's for the D,D dissagreation 
# This file is intended to be used by the IID. 
# file generated by f_rest_to_cdf.py   Author: Bryn Gibson    Date: 2021-02-18 12:30:53.493050 
# restriction record use for generation restriction_record_detrend.csv 
# Event data record used for generation C:\Users\sloth\Desktop\work\SLMACC-2020-CSRA\Climate_Shocks\supporting_data\event_definition_data.csv 
,Jan,Feb,Mar,Apr,May,Jun,Jul,Aug,Sep,Oct,Nov,Dec
0.0,1.0,0.9999999999999999,1.0,1.0,1.0,,,,1.0,1.0,1.0,1.0
0.0,1.0,0.9999999999999999,1.0,0.8461538461538463,0.8888888888888888,,,,1.0,0.6666666666666666,0.2857142857142857,0.7
0.25,0.5555555555555556,0.7142857142857142,0.8571428571428571,0.8461538461538463,0.4444444444444444,,,,0.0,0.0,0.14285714285714285,0.4
0.5,0.4444444444444444,0.5714285714285714,0.7857142857142857,0.5384615384615385,0.2222222222222222,,,,0.0,0.0,0.0,0.1
0.75,0.1111111111111111,0.2857142857142857,0.5,0.23076923076923078,0.1111111111111111,,,,0.0,0.0,0.0,0.1
1.0,0.0,0.0,0.07142857142857142,0.0,0.0,,,,0.0,0.0,0.0,0.0
1.0,0.0,0.0,0.0,0.0,0.0,0.0,0.0,0.0,0.0,0.0,0.0,0.0
