# This file contains Irrigation restriction CDF's for the D,ND dissagreation 
# This file is intended to be used by the IID. 
# file generated by f_rest_to_cdf.py   Author: Bryn Gibson    Date: 2021-02-25 08:16:30.835885 
# restriction record use for generation C:\Users\dumon\python_projects\SLMACC-2020-CSRA\Climate_Shocks\supporting_data\restriction_record_detrend.csv 
# Event data record used for generation C:\Users\dumon\python_projects\SLMACC-2020-CSRA\Climate_Shocks\supporting_data\event_definition_data.csv 
,Jan,Feb,Mar,Apr,May,Jun,Jul,Aug,Sep,Oct,Nov,Dec
0.0,0.9999999999999999,1.0,1.0,0.9999999999999998,1.0,1.0,,,1.0,1.0,1.0,1.0
0.0,0.8333333333333333,0.9090909090909092,0.875,0.9285714285714284,0.8571428571428571,0.5714285714285714,,,0.5,0.0,0.3333333333333333,0.4444444444444444
0.25,0.3333333333333333,0.7272727272727273,0.5,0.7857142857142856,0.2857142857142857,0.2857142857142857,,,0.0,0.0,0.0,0.2222222222222222
0.5,0.08333333333333333,0.5454545454545454,0.5,0.3571428571428571,0.21428571428571427,0.0,,,0.0,0.0,0.0,0.0
0.75,0.0,0.09090909090909091,0.25,0.2857142857142857,0.14285714285714285,0.0,,,0.0,0.0,0.0,0.0
1.0,0.0,0.0,0.0,0.0,0.0,0.0,,,0.0,0.0,0.0,0.0
1.0,0.0,0.0,0.0,0.0,0.0,0.0,0.0,0.0,0.0,0.0,0.0,0.0
