# This file contains Irrigation restriction CDF's for the ND,ND dissagreation 
# This file is intended to be used by the IID. 
# file generated by f_rest_to_cdf.py   Author: Bryn Gibson    Date: 2021-02-18 12:30:53.499035 
# restriction record use for generation restriction_record_detrend.csv 
# Event data record used for generation C:\Users\sloth\Desktop\work\SLMACC-2020-CSRA\Climate_Shocks\supporting_data\event_definition_data.csv 
,Jan,Feb,Mar,Apr,May,Jun,Jul,Aug,Sep,Oct,Nov,Dec
0.0,1.0,1.0,1.0,1.0,1.0,1.0,1.0,1.0,1.0,1.0,1.0,1.0
0.0,0.76,0.8636363636363636,0.8695652173913044,0.8,0.6666666666666666,0.6285714285714286,0.6458333333333333,0.44680851063829785,0.40476190476190477,0.2727272727272727,0.19999999999999998,0.36000000000000004
0.25,0.24000000000000002,0.5,0.6086956521739131,0.4,0.14814814814814814,0.2,0.1875,0.1276595744680851,0.11904761904761904,0.0,0.03333333333333333,0.08
0.5,0.04,0.2727272727272727,0.30434782608695654,0.16,0.07407407407407407,0.08571428571428572,0.08333333333333333,0.02127659574468085,0.047619047619047616,0.0,0.03333333333333333,0.04
0.75,0.0,0.09090909090909091,0.17391304347826086,0.12,0.0,0.05714285714285714,0.020833333333333332,0.02127659574468085,0.0,0.0,0.03333333333333333,0.0
1.0,0.0,0.0,0.0,0.0,0.0,0.0,0.0,0.0,0.0,0.0,0.0,0.0
1.0,0.0,0.0,0.0,0.0,0.0,0.0,0.0,0.0,0.0,0.0,0.0,0.0
